{
	"$schema": "https://schemas.wp.org/trunk/theme.json",
	"version": 3,
	"title": "Fahkwang & DM Sans",
	"category": "sophisticated",
	"keywords": [
		"sans serif",
		"modern",
		"elegant",
		"light",
		"minimalist",
		"fashion",
		"editorial",
		"luxury",
		"airy",
		"stylish",
		"subtle",
		"sophisticated",
		"refined"
	],
	"settings": {
		"typography": {
			"fontFamilies": [
				{
					"fontFace": [
						{
							"fontFamily": "Fahkwang",
							"fontStyle": "normal",
							"fontWeight": "400",
							"src": [
								"file:./assets/fonts/fahkwang/Fahkwang-Regular.woff2"
							]
						},
						{
							"fontFamily": "Fahkwang",
							"fontStyle": "italic",
							"fontWeight": "400",
							"src": [
								"file:./assets/fonts/fahkwang/Fahkwang-Italic.woff2"
							]
						},
						{
							"fontFamily": "Fahkwang",
							"fontStyle": "normal",
							"fontWeight": "600",
							"src": [
								"file:./assets/fonts/fahkwang/Fahkwang-Bold.woff2"
							]
						},
						{
							"fontFamily": "Fahkwang",
							"fontStyle": "italic",
							"fontWeight": "600",
							"src": [
								"file:./assets/fonts/fahkwang/Fahkwang-BoldItalic.woff2"
							]
						}
					],
					"fontFamily": "\"Fahkwang\", sans-serif",
					"name": "Fahkwang",
					"slug": "fahkwang"
				},
				{
					"fontFace": [
						{
							"fontFamily": "DM Sans",
							"fontStyle": "normal",
							"fontWeight": "300 700",
							"src": [
								"file:./assets/fonts/dm-sans/DMSans-VariableFont_opsz_wght.woff2"
							]
						},
						{
							"fontFamily": "DM Sans",
							"fontStyle": "italic",
							"fontWeight": "300 700",
							"src": [
								"file:./assets/fonts/dm-sans/DMSans-Italic-VariableFont_opsz_wght.woff2"
							]
						}
					],
					"fontFamily": "\"DM Sans\", sans-serif",
					"name": "DM Sans",
					"slug": "dm-sans"
				}
			],
			"fontSizes": [
				{
					"name": "Small",
					"size": "16px",
					"slug": "small",
					"fluid": {
						"min": "15px",
						"max": "16px"
					}
				},
				{
					"name": "Medium",
					"size": "20px",
					"slug": "medium",
					"fluid": {
						"min": "18px",
						"max": "20px"
					}
				},
				{
					"name": "Large",
					"size": "32px",
					"slug": "large",
					"fluid": {
						"min": "24px",
						"max": "32px"
					}
				},
				{
					"name": "Extra Large",
					"size": "48px",
					"slug": "x-large",
					"fluid": {
						"min": "36px",
						"max": "48px"
					}
				},
				{
					"name": "2X Large",
					"size": "64px",
					"slug": "xx-large",
					"fluid": {
						"min": "40px",
						"max": "64px"
					}
				}
			]
		}
	},
	"styles": {
		"blocks": {
			"core/site-title": {
				"typography": {
					"fontWeight": "300",
					"fontSize": "26px"
				}
			},
			"core/navigation": {
				"typography": {
					"fontSize": "14px",
					"fontWeight": "400",
					"fontFamily": "var(--wp--preset--font-family--dm-sans)",
					"textTransform": "uppercase",
					"letterSpacing": "2px",
					"lineHeight": "1.9"
				}
			},
			"core/site-tagline": {
				"typography": {
					"fontSize": "13px",
					"fontWeight": "400",
					"fontFamily": "var(--wp--preset--font-family--dm-sans)",
					"textTransform": "uppercase",
					"letterSpacing": "2px",
					"lineHeight": "1.9"
				}
			}
		},
		"elements": {
			"button": {
				"typography": {
					"fontSize": "14px",
					"fontWeight": "450",
					"fontFamily": "var(--wp--preset--font-family--dm-sans)",
					"textTransform": "uppercase",
					"letterSpacing": "2px",
					"lineHeight": "1.9"
				}
			},
			"heading": {
				"typography": {
					"fontFamily": "var(--wp--preset--font-family--fahkwang)",
					"fontWeight": "400"
				}
			},
			"h1": {
				"typography": {
					"fontSize": "var(--wp--preset--font-size--xx-large)"
				}
			},
			"h2": {
				"typography": {
					"fontSize": "var(--wp--preset--font-size--x-large)"
				}
			},
			"h3": {
				"typography": {
					"fontSize": "var(--wp--preset--font-size--large)"
				}
			},
			"h4": {
				"typography": {
					"fontSize": "var(--wp--preset--font-size--medium)"
				}
			},
			"h5": {
				"typography": {
					"fontSize": "var(--wp--preset--font-size--medium)"
				}
			},
			"h6": {
				"typography": {
					"fontSize": "var(--wp--preset--font-size--small)"
				}
			}
		},
		"typography": {
			"fontFamily": "var(--wp--preset--font-family--dm-sans)",
			"fontWeight": "300",
			"lineHeight": "1.6",
			"fontSize": "var(--wp--preset--font-size--small)"
		}
	}
}
